customer_id,email,state,plan,plan_list_price,churn_status,churn,total_events,active_days,last_activity,unique_event_types,events_per_active_day,events_last_30d,active_days_last_30d,total_tickets,avg_resolution_time_hours,max_resolution_time_hours,unique_topics,most_common_channel,gdpr_tickets,had_support,tickets_last_30d,days_since_last_activity,engagement_quartile
C10000,user10000@example.com,NJ,enterprise,105.0,Y,1.0,3.0,3.0,2025-11-13 00:14:10.471225,2.0,1.0,1.0,1.0,3.0,21.44666666666667,23.77,3.0,email,0.0,True,0.0,18.0,high
C10001,user10001@example.net,LA,basic,22.0,Y,1.0,1.0,1.0,2025-06-22 06:40:26.706374,1.0,1.0,0.0,0.0,4.0,17.5425,26.44,3.0,phone,0.0,True,1.0,162.0,low
C10002,user10002@example.net,OK,basic,24.0,,,1.0,1.0,2025-09-17 17:33:50.117062,1.0,1.0,0.0,0.0,3.0,6.433333333333334,10.32,2.0,chat,0.0,True,0.0,75.0,low
C10003,user10003@example.com,MI,free,0.0,,,1.0,1.0,2025-09-15 10:21:59.595794,1.0,1.0,0.0,0.0,1.0,2.19,2.19,1.0,-,0.0,True,0.0,77.0,low
C10004,user10004@example.com,TX,enterprise,119.0,,,4.0,4.0,2025-10-11 05:17:36.302142,2.0,1.0,0.0,0.0,4.0,8.5425,10.45,2.0,email,0.0,True,1.0,51.0,high
C10005,user10005@example.org,OH,enterprise,114.0,,,1.0,1.0,2025-06-24 21:26:29.854399,1.0,1.0,0.0,0.0,2.0,7.8149999999999995,8.6,2.0,phone,0.0,True,0.0,159.0,low
C10006,user10006@example.com,KY,basic,19.0,,,0.0,0.0,,0.0,0.0,0.0,0.0,2.0,6.859999999999999,11.85,2.0,phone,0.0,True,0.0,,low
C10007,user10007@example.com,NC,basic,10.0,Y,1.0,0.0,0.0,,0.0,0.0,0.0,0.0,3.0,25.166666666666668,28.94,3.0,-,0.0,True,0.0,,low
C10008,user10008@example.net,AK,enterprise,87.0,,,2.0,2.0,2025-10-20 13:15:19.305376,2.0,1.0,0.0,0.0,1.0,4.58,4.58,1.0,email,0.0,True,0.0,42.0,mid
C10009,user10009@example.com,VA,free,0.0,,,4.0,4.0,2025-11-14 06:28:35.207671,3.0,1.0,1.0,1.0,3.0,8.273333333333333,10.72,1.0,phone,0.0,True,1.0,17.0,high
C10010,user10010@example.net,KS,pro,51.0,,,0.0,0.0,,0.0,0.0,0.0,0.0,3.0,3.856666666666667,4.97,3.0,phone,0.0,True,0.0,,low
C10011,user10011@example.net,AZ,pro,57.0,,,1.0,1.0,2025-11-23 00:47:01.628662,1.0,1.0,1.0,1.0,2.0,8.815,9.77,1.0,phone,0.0,True,0.0,8.0,low
C10012,user10012@example.net,ID,enterprise,93.0,,,2.0,2.0,2025-11-26 20:18:36.204176,2.0,1.0,1.0,1.0,2.0,3.525,3.59,2.0,email,0.0,True,0.0,5.0,mid
C10013,user10013@example.com,AK,enterprise,104.0,,,1.0,1.0,2025-06-28 12:45:39.729069,1.0,1.0,0.0,0.0,0.0,,,0.0,,0.0,False,0.0,156.0,low
C10014,user10014@example.com,CT,free,0.0,Y,1.0,0.0,0.0,,0.0,0.0,0.0,0.0,3.0,24.19666666666667,26.66,2.0,chat,0.0,True,0.0,,low
C10015,user10015@example.com,KS,enterprise,110.0,,,0.0,0.0,,0.0,0.0,0.0,0.0,2.0,7.155,9.55,2.0,phone,0.0,True,0.0,,low
C10016,user10016@example.net,CO,enterprise,138.0,,,1.0,1.0,2025-10-22 10:44:46.713402,1.0,1.0,0.0,0.0,2.0,6.23,7.22,2.0,email,0.0,True,1.0,40.0,low
C10017,user10017@example.org,RI,basic,24.0,,,0.0,0.0,,0.0,0.0,0.0,0.0,1.0,7.19,7.19,1.0,chat,0.0,True,0.0,,low
C10018,user10018@example.org,ID,pro,57.0,,,0.0,0.0,,0.0,0.0,0.0,0.0,5.0,8.142,11.72,3.0,email,0.0,True,1.0,,low
C10019,user10019@example.org,ME,enterprise,100.0,,,2.0,2.0,2025-10-28 03:17:59.539213,2.0,1.0,0.0,0.0,1.0,6.29,6.29,1.0,email,0.0,True,0.0,34.0,mid
C10020,user10020@example.org,WI,basic,16.0,,,2.0,2.0,2025-10-12 03:37:58.337253,1.0,1.0,0.0,0.0,1.0,7.32,7.32,1.0,phone,1.0,True,0.0,50.0,mid
C10021,user10021@example.org,VT,pro,64.0,Y,1.0,0.0,0.0,,0.0,0.0,0.0,0.0,3.0,17.46666666666667,22.19,1.0,chat,0.0,True,1.0,,low
C10022,user10022@example.com,FL,free,0.0,Y,1.0,0.0,0.0,,0.0,0.0,0.0,0.0,3.0,15.959999999999999,20.7,2.0,chat,0.0,True,0.0,,low
C10023,user10023@example.com,TX,pro,32.0,,,1.0,1.0,2025-11-05 02:56:48.236721,1.0,1.0,1.0,1.0,4.0,5.825,10.64,2.0,email,0.0,True,0.0,26.0,low
C10024,user10024@example.net,DE,enterprise,90.0,,,3.0,3.0,2025-07-27 05:04:45.425725,3.0,1.0,0.0,0.0,2.0,5.715,10.45,2.0,chat,0.0,True,0.0,127.0,high
C10025,user10025@example.com,CO,free,0.0,Y,1.0,0.0,0.0,,0.0,0.0,0.0,0.0,3.0,17.003333333333334,23.21,2.0,phone,0.0,True,0.0,,low
C10026,user10026@example.org,NY,pro,43.0,,,0.0,0.0,,0.0,0.0,0.0,0.0,4.0,7.7775,10.75,3.0,email,0.0,True,1.0,,low
C10027,user10027@example.net,MT,pro,51.0,,,1.0,1.0,2025-09-02 00:54:28.443647,1.0,1.0,0.0,0.0,2.0,6.745,9.08,1.0,email,0.0,True,1.0,90.0,low
C10028,user10028@example.com,KY,enterprise,92.0,,,1.0,1.0,2025-09-15 06:24:38.833312,1.0,1.0,0.0,0.0,2.0,1.98,2.98,1.0,chat,0.0,True,0.0,77.0,low
C10029,user10029@example.com,MO,pro,51.0,,,2.0,2.0,2025-11-09 12:13:17.696846,2.0,1.0,1.0,1.0,4.0,6.6625000000000005,10.71,4.0,phone,1.0,True,0.0,22.0,mid
C10030,user10030@example.com,WV,enterprise,119.0,,,1.0,1.0,2025-09-19 07:34:04.409871,1.0,1.0,0.0,0.0,2.0,6.965,10.51,1.0,chat,0.0,True,0.0,73.0,low
C10031,user10031@example.org,CT,free,0.0,,,2.0,2.0,2025-10-08 16:39:03.692020,2.0,1.0,0.0,0.0,4.0,3.7199999999999998,6.22,3.0,chat,0.0,True,0.0,54.0,mid
C10032,user10032@example.org,NM,enterprise,104.0,Y,1.0,0.0,0.0,,0.0,0.0,0.0,0.0,2.0,21.6,27.9,2.0,email,0.0,True,0.0,,low
C10033,user10033@example.org,OH,pro,42.0,Y,1.0,1.0,1.0,2025-09-28 22:53:09.996411,1.0,1.0,0.0,0.0,1.0,16.78,16.78,1.0,chat,0.0,True,0.0,63.0,low
C10034,user10034@example.com,IA,enterprise,139.0,Y,1.0,2.0,2.0,2025-11-22 07:38:45.332631,2.0,1.0,2.0,2.0,2.0,21.5,22.81,2.0,phone,0.0,True,1.0,9.0,mid
C10035,user10035@example.org,WV,basic,30.0,,,1.0,1.0,2025-06-15 07:23:20.633108,1.0,1.0,0.0,0.0,1.0,7.63,7.63,1.0,email,0.0,True,0.0,169.0,low
C10036,user10036@example.org,CT,enterprise,97.0,Y,1.0,1.0,1.0,2025-06-06 04:31:25.837866,1.0,1.0,0.0,0.0,1.0,18.3,18.3,1.0,email,0.0,True,0.0,178.0,low
C10037,user10037@example.net,CO,pro,53.0,,,4.0,4.0,2025-10-26 01:51:17.403757,3.0,1.0,0.0,0.0,2.0,9.25,9.5,2.0,email,0.0,True,0.0,36.0,high
C10038,user10038@example.org,MT,free,0.0,Y,1.0,0.0,0.0,,0.0,0.0,0.0,0.0,6.0,16.45,21.89,4.0,phone,0.0,True,2.0,,low
C10039,user10039@example.org,RI,enterprise,125.0,,,2.0,2.0,2025-06-20 21:59:02.898224,2.0,1.0,0.0,0.0,3.0,6.56,9.37,3.0,chat,0.0,True,1.0,163.0,mid
C10040,user10040@example.net,KS,basic,19.0,,,0.0,0.0,,0.0,0.0,0.0,0.0,4.0,6.442500000000001,11.06,4.0,email,0.0,True,0.0,,low
C10041,user10041@example.org,VA,enterprise,121.0,,,1.0,1.0,2025-08-16 23:10:11.514340,1.0,1.0,0.0,0.0,3.0,4.319999999999999,5.91,1.0,phone,0.0,True,0.0,106.0,low
C10042,user10042@example.net,ND,enterprise,132.0,,,0.0,0.0,,0.0,0.0,0.0,0.0,1.0,4.72,4.72,1.0,chat,0.0,True,0.0,,low
C10043,user10043@example.com,HI,enterprise,143.0,,,0.0,0.0,,0.0,0.0,0.0,0.0,0.0,,,0.0,,0.0,False,0.0,,low
C10044,user10044@example.net,LA,basic,28.0,,,2.0,2.0,2025-11-22 19:45:30.803583,2.0,1.0,2.0,2.0,4.0,6.5175,10.8,3.0,email,0.0,True,1.0,9.0,mid
C10045,user10045@example.com,NE,basic,19.0,,,3.0,3.0,2025-11-29 00:17:20.205459,3.0,1.0,1.0,1.0,2.0,7.369999999999999,7.77,2.0,chat,0.0,True,0.0,2.0,high
C10046,user10046@example.com,RI,free,0.0,,,0.0,0.0,,0.0,0.0,0.0,0.0,1.0,3.73,3.73,1.0,phone,0.0,True,0.0,,low
C10047,user10047@example.com,MO,basic,22.0,,,2.0,2.0,2025-10-01 01:50:31.454521,2.0,1.0,0.0,0.0,0.0,,,0.0,,0.0,False,0.0,61.0,mid
C10048,user10048@example.net,SD,enterprise,134.0,,,2.0,2.0,2025-11-20 15:26:09.082962,2.0,1.0,1.0,1.0,3.0,3.73,7.88,3.0,email,0.0,True,1.0,11.0,mid
C10049,user10049@example.org,VA,basic,12.0,,,2.0,2.0,2025-11-08 15:50:22.525907,2.0,1.0,1.0,1.0,1.0,3.17,3.17,1.0,email,0.0,True,1.0,23.0,mid
C10050,user10050@example.com,CT,basic,16.0,Y,1.0,4.0,4.0,2025-10-25 19:24:56.845322,3.0,1.0,0.0,0.0,1.0,12.15,12.15,1.0,email,0.0,True,0.0,37.0,high
C10051,user10051@example.com,HI,free,0.0,,,1.0,1.0,2025-11-01 06:02:55.906874,1.0,1.0,0.0,0.0,0.0,,,0.0,,0.0,False,0.0,30.0,low
C10052,user10052@example.com,WV,pro,33.0,Y,1.0,0.0,0.0,,0.0,0.0,0.0,0.0,6.0,17.830000000000002,28.24,4.0,phone,0.0,True,2.0,,low
C10053,user10053@example.org,WI,basic,28.0,Y,1.0,0.0,0.0,,0.0,0.0,0.0,0.0,1.0,21.36,21.36,1.0,email,0.0,True,0.0,,low
C10054,user10054@example.com,MT,free,0.0,,,1.0,1.0,2025-07-26 03:19:57.681909,1.0,1.0,0.0,0.0,2.0,4.83,9.07,2.0,chat,0.0,True,2.0,128.0,low
C10055,user10055@example.net,WV,free,0.0,,,2.0,2.0,2025-09-14 04:00:47.082406,2.0,1.0,0.0,0.0,1.0,6.0,6.0,1.0,chat,0.0,True,1.0,78.0,mid
C10056,user10056@example.com,UT,basic,24.0,,,1.0,1.0,2025-10-08 08:26:44.695764,1.0,1.0,0.0,0.0,2.0,11.690000000000001,12.81,1.0,-,0.0,True,0.0,54.0,low
C10057,user10057@example.org,WA,free,0.0,,,2.0,2.0,2025-11-10 06:47:47.714716,1.0,1.0,1.0,1.0,4.0,5.8425,10.66,2.0,phone,0.0,True,0.0,21.0,mid
C10058,user10058@example.org,KS,free,0.0,Y,1.0,0.0,0.0,,0.0,0.0,0.0,0.0,2.0,21.522150000000003,29.114300000000007,1.0,email,0.0,True,0.0,,low
C10059,user10059@example.com,RI,basic,29.0,Y,1.0,2.0,2.0,2025-11-01 12:54:53.878292,2.0,1.0,0.0,0.0,0.0,,,0.0,,0.0,False,0.0,30.0,mid
C10060,user10060@example.org,MT,enterprise,95.0,,,0.0,0.0,,0.0,0.0,0.0,0.0,4.0,7.7025,10.44,2.0,email,0.0,True,0.0,,low
C10061,user10061@example.com,VA,enterprise,99.0,,,1.0,1.0,2025-08-11 18:33:47.972745,1.0,1.0,0.0,0.0,1.0,2.07,2.07,1.0,chat,0.0,True,0.0,112.0,low
C10062,user10062@example.org,AZ,free,0.0,,,1.0,1.0,2025-07-13 15:45:36.966240,1.0,1.0,0.0,0.0,0.0,,,0.0,,0.0,False,0.0,141.0,low
C10063,user10063@example.org,LA,free,0.0,Y,1.0,0.0,0.0,,0.0,0.0,0.0,0.0,3.0,16.423333333333332,21.4,3.0,phone,0.0,True,0.0,,low
C10064,user10064@example.net,NE,basic,17.0,,,1.0,1.0,2025-11-27 09:18:04.758168,1.0,1.0,1.0,1.0,3.0,12.386666666666665,13.19,2.0,chat,0.0,True,0.0,4.0,low
C10065,user10065@example.net,UT,basic,24.0,Y,1.0,0.0,0.0,,0.0,0.0,0.0,0.0,3.0,20.47,26.91,3.0,email,0.0,True,0.0,,low
C10066,user10066@example.com,VT,enterprise,140.0,,,0.0,0.0,,0.0,0.0,0.0,0.0,2.0,3.9,7.27,2.0,phone,0.0,True,0.0,,low
C10067,user10067@example.org,PA,free,0.0,,,0.0,0.0,,0.0,0.0,0.0,0.0,3.0,5.1000000000000005,6.38,1.0,phone,0.0,True,0.0,,low
C10068,user10068@example.org,NV,free,0.0,Y,1.0,0.0,0.0,,0.0,0.0,0.0,0.0,1.0,12.57,12.57,1.0,email,0.0,True,0.0,,low
C10069,user10069@example.net,HI,enterprise,90.0,,,0.0,0.0,,0.0,0.0,0.0,0.0,1.0,5.11,5.11,1.0,phone,0.0,True,0.0,,low
C10070,user10070@example.com,IA,basic,17.0,,,0.0,0.0,,0.0,0.0,0.0,0.0,0.0,,,0.0,,0.0,False,0.0,,low
C10071,user10071@example.com,AR,free,0.0,Y,1.0,0.0,0.0,,0.0,0.0,0.0,0.0,1.0,10.48,10.48,1.0,phone,0.0,True,0.0,,low
C10072,user10072@example.com,CO,enterprise,115.0,,,2.0,2.0,2025-09-27 16:56:10.732446,2.0,1.0,0.0,0.0,2.0,5.1,6.75,2.0,phone,0.0,True,0.0,65.0,mid
C10073,user10073@example.com,VA,pro,79.0,,,2.0,2.0,2025-11-21 12:50:58.419072,2.0,1.0,1.0,1.0,2.0,9.190000000000001,11.46,2.0,email,0.0,True,0.0,10.0,mid
C10074,user10074@example.net,IL,free,0.0,Y,1.0,0.0,0.0,,0.0,0.0,0.0,0.0,2.0,21.597150000000003,29.114300000000007,2.0,phone,0.0,True,0.0,,low
C10075,user10075@example.net,MT,free,0.0,Y,1.0,1.0,1.0,2025-08-03 09:31:23.474648,1.0,1.0,0.0,0.0,1.0,18.92,18.92,1.0,email,0.0,True,0.0,120.0,low
C10076,user10076@example.net,NE,pro,49.0,Y,1.0,0.0,0.0,,0.0,0.0,0.0,0.0,2.0,25.380000000000003,27.51,2.0,phone,0.0,True,0.0,,low
C10077,user10077@example.net,VA,free,0.0,,,0.0,0.0,,0.0,0.0,0.0,0.0,3.0,4.2299999999999995,9.29,2.0,email,0.0,True,2.0,,low
C10078,user10078@example.org,KY,enterprise,137.0,,,2.0,2.0,2025-11-06 09:06:55.110297,1.0,1.0,1.0,1.0,2.0,5.865,6.46,2.0,phone,0.0,True,2.0,25.0,mid
C10079,user10079@example.org,FL,pro,61.0,,,1.0,1.0,2025-09-14 09:44:46.341972,1.0,1.0,0.0,0.0,2.0,5.19,6.65,2.0,email,0.0,True,0.0,78.0,low
C10080,user10080@example.org,DE,pro,64.0,,,1.0,1.0,2025-07-13 09:49:28.777769,1.0,1.0,0.0,0.0,1.0,7.25,7.25,1.0,-,0.0,True,0.0,141.0,low
C10081,user10081@example.com,MI,free,0.0,,,1.0,1.0,2025-09-01 07:45:46.336130,1.0,1.0,0.0,0.0,5.0,3.95,5.49,4.0,chat,0.0,True,0.0,91.0,low
C10082,user10082@example.com,OH,enterprise,131.0,,,1.0,1.0,2025-07-20 01:02:24.695230,1.0,1.0,0.0,0.0,0.0,,,0.0,,0.0,False,0.0,134.0,low
C10083,user10083@example.net,NJ,free,0.0,,,3.0,3.0,2025-10-13 00:20:45.798913,2.0,1.0,0.0,0.0,5.0,6.697999999999999,11.5,2.0,chat,0.0,True,0.0,49.0,high
C10084,user10084@example.com,WY,free,0.0,Y,1.0,0.0,0.0,,0.0,0.0,0.0,0.0,0.0,,,0.0,,0.0,False,0.0,,low
C10085,user10085@example.net,ND,free,0.0,Y,1.0,1.0,1.0,2025-11-24 18:10:07.097574,1.0,1.0,1.0,1.0,4.0,24.238575,29.114300000000007,3.0,email,0.0,True,0.0,7.0,low
C10086,user10086@example.net,CA,free,0.0,Y,1.0,0.0,0.0,,0.0,0.0,0.0,0.0,2.0,19.945,21.15,1.0,email,0.0,True,0.0,,low
C10087,user10087@example.com,NY,pro,71.0,,,2.0,2.0,2025-09-28 20:56:18.690670,2.0,1.0,0.0,0.0,2.0,3.3150000000000004,5.36,2.0,phone,0.0,True,0.0,64.0,mid
C10088,user10088@example.com,MT,enterprise,104.0,Y,1.0,1.0,1.0,2025-08-14 08:42:20.236649,1.0,1.0,0.0,0.0,2.0,18.97,25.89,2.0,email,0.0,True,0.0,109.0,low
C10089,user10089@example.org,TX,free,0.0,,,2.0,2.0,2025-11-26 11:23:13.110900,2.0,1.0,1.0,1.0,1.0,10.3,10.3,1.0,email,0.0,True,0.0,5.0,mid
C10090,user10090@example.com,MI,free,0.0,,,0.0,0.0,,0.0,0.0,0.0,0.0,1.0,3.4,3.4,1.0,email,0.0,True,0.0,,low
C10091,user10091@example.org,OK,pro,73.0,Y,1.0,0.0,0.0,,0.0,0.0,0.0,0.0,5.0,17.524,19.87,3.0,chat,1.0,True,0.0,,low
C10092,user10092@example.org,PA,basic,20.0,,,0.0,0.0,,0.0,0.0,0.0,0.0,1.0,1.22,1.22,1.0,phone,0.0,True,0.0,,low
C10093,user10093@example.org,AZ,enterprise,95.0,,,0.0,0.0,,0.0,0.0,0.0,0.0,1.0,4.93,4.93,1.0,phone,0.0,True,0.0,,low
C10094,user10094@example.org,VT,enterprise,125.0,Y,1.0,0.0,0.0,,0.0,0.0,0.0,0.0,1.0,9.91,9.91,1.0,phone,0.0,True,1.0,,low
C10095,user10095@example.org,IL,basic,30.0,,,0.0,0.0,,0.0,0.0,0.0,0.0,2.0,7.35,8.15,2.0,email,0.0,True,0.0,,low
C10096,user10096@example.com,MI,pro,60.0,Y,1.0,0.0,0.0,,0.0,0.0,0.0,0.0,1.0,14.1,14.1,1.0,email,0.0,True,0.0,,low
C10097,user10097@example.org,CT,pro,62.0,,,1.0,1.0,2025-09-08 02:26:31.454518,1.0,1.0,0.0,0.0,3.0,8.863333333333333,10.63,1.0,phone,0.0,True,1.0,84.0,low
C10098,user10098@example.com,MO,basic,28.0,Y,1.0,0.0,0.0,,0.0,0.0,0.0,0.0,2.0,18.939999999999998,24.09,2.0,chat,0.0,True,0.0,,low
C10099,user10099@example.com,NJ,enterprise,147.0,Y,1.0,0.0,0.0,,0.0,0.0,0.0,0.0,2.0,12.290000000000001,16.96,2.0,phone,0.0,True,0.0,,low
C10100,user10100@example.com,TN,enterprise,111.0,,,2.0,2.0,2025-11-14 13:53:36.603444,2.0,1.0,1.0,1.0,4.0,7.6625,11.74,3.0,chat,0.0,True,1.0,17.0,mid
C10101,user10101@example.com,AZ,basic,26.0,,,2.0,2.0,2025-09-02 17:58:52.876506,2.0,1.0,0.0,0.0,4.0,7.6025,10.24,3.0,phone,0.0,True,0.0,90.0,mid
C10102,user10102@example.net,NM,free,0.0,,,0.0,0.0,,0.0,0.0,0.0,0.0,3.0,8.106666666666667,11.86,3.0,email,0.0,True,1.0,,low
C10103,user10103@example.org,MO,basic,13.0,,,1.0,1.0,2025-10-20 22:09:16.855611,1.0,1.0,0.0,0.0,4.0,6.3425,9.64,2.0,email,1.0,True,0.0,41.0,low
C10104,user10104@example.com,IL,pro,69.0,,,2.0,2.0,2025-08-31 20:14:27.919166,2.0,1.0,0.0,0.0,2.0,11.920000000000002,11.96,2.0,email,0.0,True,0.0,92.0,mid
C10105,user10105@example.com,UT,basic,12.0,,,2.0,1.0,2025-08-16 17:59:37.411779,1.0,2.0,0.0,0.0,1.0,12.63,12.63,1.0,phone,0.0,True,0.0,107.0,mid
C10106,user10106@example.org,NC,enterprise,130.0,,,2.0,2.0,2025-11-21 05:08:31.496239,2.0,1.0,1.0,1.0,1.0,8.5,8.5,1.0,phone,0.0,True,0.0,10.0,mid
C10107,user10107@example.org,FL,basic,10.0,,,0.0,0.0,,0.0,0.0,0.0,0.0,1.0,4.44,4.44,1.0,phone,0.0,True,0.0,,low
C10108,user10108@example.com,MN,enterprise,94.0,Y,1.0,0.0,0.0,,0.0,0.0,0.0,0.0,4.0,17.0975,23.23,4.0,chat,0.0,True,0.0,,low
C10109,user10109@example.com,TN,enterprise,136.0,,,3.0,3.0,2025-09-12 05:05:59.917521,2.0,1.0,0.0,0.0,3.0,2.143333333333333,3.93,3.0,chat,0.0,True,0.0,80.0,high
C10110,user10110@example.net,MD,free,0.0,,,2.0,2.0,2025-11-02 04:28:45.119863,2.0,1.0,1.0,1.0,3.0,14.256666666666666,18.14,1.0,phone,0.0,True,1.0,29.0,mid
C10111,user10111@example.net,TN,free,0.0,Y,1.0,0.0,0.0,,0.0,0.0,0.0,0.0,3.0,16.466666666666665,20.29,2.0,chat,0.0,True,0.0,,low
C10112,user10112@example.com,ID,basic,30.0,,,0.0,0.0,,0.0,0.0,0.0,0.0,2.0,6.715,6.8,2.0,chat,0.0,True,0.0,,low
C10113,user10113@example.net,MA,enterprise,144.0,Y,1.0,0.0,0.0,,0.0,0.0,0.0,0.0,2.0,15.675,19.03,2.0,chat,0.0,True,0.0,,low
C10114,user10114@example.net,NY,free,0.0,Y,1.0,0.0,0.0,,0.0,0.0,0.0,0.0,1.0,23.44,23.44,1.0,chat,0.0,True,0.0,,low
C10115,user10115@example.net,DE,pro,57.0,Y,1.0,0.0,0.0,,0.0,0.0,0.0,0.0,4.0,20.43,23.25,3.0,phone,0.0,True,0.0,,low
C10116,user10116@example.org,CT,free,0.0,Y,1.0,0.0,0.0,,0.0,0.0,0.0,0.0,1.0,28.27,28.27,1.0,email,0.0,True,0.0,,low
C10117,user10117@example.net,ID,basic,16.0,Y,1.0,0.0,0.0,,0.0,0.0,0.0,0.0,2.0,10.925,11.63,2.0,chat,1.0,True,0.0,,low
C10118,user10118@example.com,DE,free,0.0,,,2.0,2.0,2025-09-08 15:05:39.422721,2.0,1.0,0.0,0.0,1.0,10.69,10.69,1.0,chat,0.0,True,0.0,84.0,mid
C10119,user10119@example.net,MD,free,0.0,Y,1.0,1.0,1.0,2025-06-06 09:59:43.305524,1.0,1.0,0.0,0.0,4.0,23.15,24.11,3.0,chat,0.0,True,1.0,178.0,low
C10120,user10120@example.net,MA,free,0.0,,,4.0,4.0,2025-10-09 17:05:47.800934,3.0,1.0,0.0,0.0,5.0,6.5680000000000005,10.78,3.0,chat,0.0,True,0.0,53.0,high
C10121,user10121@example.com,NM,pro,42.0,,,3.0,3.0,2025-11-10 12:38:00.188081,3.0,1.0,1.0,1.0,4.0,6.425,10.43,2.0,chat,0.0,True,1.0,21.0,high
C10122,user10122@example.com,SD,basic,30.0,,,1.0,1.0,2025-11-15 13:08:09.558597,1.0,1.0,1.0,1.0,2.0,3.995,5.69,2.0,email,0.0,True,1.0,16.0,low
C10123,user10123@example.com,MN,basic,19.0,,,2.0,2.0,2025-11-17 22:43:02.034467,2.0,1.0,1.0,1.0,1.0,4.73,4.73,1.0,email,0.0,True,1.0,13.0,mid
C10124,user10124@example.org,MN,basic,25.0,,,1.0,1.0,2025-08-19 21:23:06.966053,1.0,1.0,0.0,0.0,2.0,5.365,8.36,2.0,email,0.0,True,0.0,103.0,low
C10125,user10125@example.com,MT,free,0.0,,,0.0,0.0,,0.0,0.0,0.0,0.0,3.0,9.19,11.48,1.0,phone,0.0,True,0.0,,low
C10126,user10126@example.com,OH,pro,62.0,,,1.0,1.0,2025-11-29 04:32:28.017183,1.0,1.0,1.0,1.0,1.0,1.67,1.67,1.0,chat,0.0,True,1.0,2.0,low
C10127,user10127@example.com,MS,enterprise,120.0,,,1.0,1.0,2025-09-18 03:56:19.990678,1.0,1.0,0.0,0.0,2.0,8.165000000000001,11.71,2.0,email,0.0,True,1.0,74.0,low
C10128,user10128@example.org,WY,basic,17.0,,,3.0,3.0,2025-11-19 14:12:15.405747,3.0,1.0,1.0,1.0,3.0,7.88,11.03,2.0,chat,1.0,True,0.0,12.0,high
C10129,user10129@example.net,DE,basic,10.0,Y,1.0,0.0,0.0,,0.0,0.0,0.0,0.0,4.0,11.87,16.96,3.0,chat,0.0,True,0.0,,low
C10130,user10130@example.net,WA,basic,17.0,,,1.0,1.0,2025-11-09 21:18:50.398350,1.0,1.0,1.0,1.0,0.0,,,0.0,,0.0,False,0.0,21.0,low
C10131,user10131@example.com,KY,pro,54.0,,,0.0,0.0,,0.0,0.0,0.0,0.0,0.0,,,0.0,,0.0,False,0.0,,low
C10132,user10132@example.net,AK,enterprise,125.0,,,3.0,3.0,2025-10-20 08:28:42.427137,3.0,1.0,0.0,0.0,2.0,11.395,11.47,2.0,phone,0.0,True,1.0,42.0,high
C10133,user10133@example.org,MO,enterprise,147.0,,,3.0,3.0,2025-11-13 19:41:52.296504,3.0,1.0,1.0,1.0,4.0,6.5875,10.94,2.0,phone,0.0,True,0.0,18.0,high
C10134,user10134@example.com,VT,basic,23.0,,,4.0,4.0,2025-09-08 17:37:56.416575,3.0,1.0,0.0,0.0,2.0,10.225,10.45,2.0,chat,0.0,True,1.0,84.0,high
C10135,user10135@example.net,SC,basic,24.0,,,0.0,0.0,,0.0,0.0,0.0,0.0,3.0,4.136666666666667,7.51,2.0,chat,1.0,True,2.0,,low
C10136,user10136@example.com,AR,free,0.0,,,0.0,0.0,,0.0,0.0,0.0,0.0,2.0,8.27,10.96,2.0,phone,0.0,True,0.0,,low
C10137,user10137@example.net,VA,free,0.0,,,2.0,2.0,2025-09-27 23:57:28.200365,2.0,1.0,0.0,0.0,2.0,8.0,8.58,2.0,email,0.0,True,0.0,64.0,mid
C10138,user10138@example.com,WV,basic,10.0,,,0.0,0.0,,0.0,0.0,0.0,0.0,4.0,5.42,8.31,1.0,email,0.0,True,0.0,,low
C10139,user10139@example.com,MO,free,0.0,,,1.0,1.0,2025-09-12 12:28:40.266616,1.0,1.0,0.0,0.0,4.0,6.6975,10.35,3.0,email,0.0,True,0.0,80.0,low
C10140,user10140@example.net,MA,free,0.0,Y,1.0,2.0,2.0,2025-10-28 00:44:11.872320,1.0,1.0,0.0,0.0,3.0,22.776666666666667,28.15,3.0,chat,0.0,True,0.0,34.0,mid
C10141,user10141@example.org,UT,enterprise,87.0,,,2.0,2.0,2025-11-21 14:47:58.312133,2.0,1.0,1.0,1.0,2.0,11.0,12.74,2.0,email,0.0,True,0.0,10.0,mid
C10142,user10142@example.org,ND,enterprise,131.0,Y,1.0,0.0,0.0,,0.0,0.0,0.0,0.0,2.0,11.455,17.2,2.0,phone,0.0,True,0.0,,low
C10143,user10143@example.com,MT,enterprise,137.0,,,4.0,4.0,2025-09-30 16:12:00.485766,3.0,1.0,0.0,0.0,3.0,1.29,1.56,3.0,chat,0.0,True,1.0,62.0,high
C10144,user10144@example.org,VT,pro,56.0,,,1.0,1.0,2025-06-26 03:24:45.395647,1.0,1.0,0.0,0.0,3.0,4.97,11.96,2.0,email,0.0,True,0.0,158.0,low
C10145,user10145@example.net,RI,enterprise,116.0,,,2.0,2.0,2025-09-23 09:39:50.245895,2.0,1.0,0.0,0.0,1.0,11.49,11.49,1.0,phone,0.0,True,0.0,69.0,mid
C10146,user10146@example.com,FL,enterprise,148.0,Y,1.0,1.0,1.0,2025-10-16 07:50:35.300277,1.0,1.0,0.0,0.0,2.0,6.744999999999999,8.7,2.0,email,0.0,True,1.0,46.0,low
C10147,user10147@example.com,IA,basic,19.0,,,1.0,1.0,2025-09-13 06:52:55.469696,1.0,1.0,0.0,0.0,1.0,5.2,5.2,1.0,chat,0.0,True,0.0,79.0,low
C10148,user10148@example.com,OH,free,0.0,Y,1.0,0.0,0.0,,0.0,0.0,0.0,0.0,3.0,22.973333333333333,28.06,3.0,phone,0.0,True,0.0,,low
C10149,user10149@example.com,LA,free,0.0,,,2.0,2.0,2025-09-09 08:36:33.046110,1.0,1.0,0.0,0.0,2.0,8.785,10.09,2.0,chat,1.0,True,0.0,83.0,mid
C10150,user10150@example.net,MO,basic,30.0,Y,1.0,0.0,0.0,,0.0,0.0,0.0,0.0,4.0,15.815000000000001,21.75,4.0,email,0.0,True,0.0,,low
C10151,user10151@example.com,PA,enterprise,134.0,,,1.0,1.0,2025-07-28 05:32:44.618787,1.0,1.0,0.0,0.0,3.0,9.323333333333332,11.3,3.0,chat,1.0,True,0.0,126.0,low
C10152,user10152@example.org,ND,pro,67.0,Y,1.0,1.0,1.0,2025-11-11 12:12:03.755044,1.0,1.0,1.0,1.0,3.0,14.306666666666667,24.99,2.0,email,0.0,True,2.0,20.0,low
C10153,user10153@example.net,MT,basic,13.0,,,2.0,2.0,2025-10-29 18:19:36.374640,2.0,1.0,0.0,0.0,1.0,4.32,4.32,1.0,email,0.0,True,1.0,33.0,mid
C10154,user10154@example.net,VA,free,0.0,Y,1.0,1.0,1.0,2025-11-10 21:24:53.395851,1.0,1.0,1.0,1.0,1.0,14.51,14.51,1.0,email,0.0,True,1.0,20.0,low
C10155,user10155@example.org,VA,pro,34.0,Y,1.0,0.0,0.0,,0.0,0.0,0.0,0.0,1.0,15.62,15.62,1.0,email,0.0,True,0.0,,low
C10156,user10156@example.org,MA,pro,72.0,,,0.0,0.0,,0.0,0.0,0.0,0.0,2.0,6.71,10.16,2.0,-,0.0,True,0.0,,low
C10157,user10157@example.com,WA,basic,18.0,,,1.0,1.0,2025-09-30 21:56:29.336726,1.0,1.0,0.0,0.0,2.0,5.13,7.6,2.0,phone,0.0,True,0.0,61.0,low
C10158,user10158@example.com,MN,pro,73.0,,,2.0,2.0,2025-09-18 07:17:40.343381,2.0,1.0,0.0,0.0,5.0,6.438,10.13,3.0,chat,0.0,True,3.0,74.0,mid
C10159,user10159@example.net,OH,pro,69.0,,,2.0,2.0,2025-11-09 03:48:50.471324,1.0,1.0,1.0,1.0,1.0,4.55,4.55,1.0,chat,0.0,True,0.0,22.0,mid
C10160,user10160@example.net,NJ,basic,21.0,Y,1.0,0.0,0.0,,0.0,0.0,0.0,0.0,0.0,,,0.0,,0.0,False,0.0,,low
C10161,user10161@example.org,OH,basic,27.0,,,0.0,0.0,,0.0,0.0,0.0,0.0,1.0,11.62,11.62,1.0,phone,0.0,True,0.0,,low
C10162,user10162@example.net,MD,pro,32.0,Y,1.0,0.0,0.0,,0.0,0.0,0.0,0.0,4.0,25.939999999999998,28.46,4.0,email,0.0,True,0.0,,low
C10163,user10163@example.net,HI,basic,24.0,Y,1.0,0.0,0.0,,0.0,0.0,0.0,0.0,3.0,20.80333333333333,23.31,2.0,phone,0.0,True,0.0,,low
C10164,user10164@example.com,AR,free,0.0,,,2.0,2.0,2025-11-24 06:37:00.570219,2.0,1.0,1.0,1.0,2.0,6.805,9.17,1.0,chat,0.0,True,1.0,7.0,mid
C10165,user10165@example.com,TN,enterprise,137.0,,,2.0,2.0,2025-11-24 10:53:17.892889,2.0,1.0,1.0,1.0,2.0,9.954999999999998,10.87,2.0,chat,0.0,True,0.0,7.0,mid
C10166,user10166@example.org,NV,free,0.0,,,3.0,3.0,2025-11-16 02:11:50.570343,2.0,1.0,1.0,1.0,3.0,9.753333333333332,10.41,2.0,phone,0.0,True,0.0,15.0,high
C10167,user10167@example.org,WV,pro,43.0,,,2.0,2.0,2025-10-11 11:08:25.199298,2.0,1.0,0.0,0.0,1.0,6.87,6.87,1.0,email,0.0,True,0.0,51.0,mid
C10168,user10168@example.org,UT,enterprise,91.0,,,2.0,2.0,2025-06-25 09:30:09.027420,2.0,1.0,0.0,0.0,4.0,14.0575,18.59,4.0,phone,0.0,True,0.0,159.0,mid
C10169,user10169@example.net,CT,basic,14.0,,,2.0,2.0,2025-11-24 08:47:27.537349,2.0,1.0,1.0,1.0,4.0,7.3,10.33,2.0,phone,0.0,True,1.0,7.0,mid
C10170,user10170@example.org,NJ,basic,22.0,Y,1.0,0.0,0.0,,0.0,0.0,0.0,0.0,2.0,24.195,28.57,2.0,email,0.0,True,0.0,,low
C10171,user10171@example.org,OR,basic,27.0,,,1.0,1.0,2025-11-28 07:00:36.181092,1.0,1.0,1.0,1.0,2.0,10.16,11.35,2.0,chat,0.0,True,0.0,3.0,low
C10172,user10172@example.org,GA,free,0.0,,,1.0,1.0,2025-08-31 21:36:30.428969,1.0,1.0,0.0,0.0,0.0,,,0.0,,0.0,False,0.0,91.0,low
C10173,user10173@example.com,FL,basic,23.0,,,2.0,2.0,2025-09-08 05:16:40.730774,2.0,1.0,0.0,0.0,1.0,7.99,7.99,1.0,chat,0.0,True,0.0,84.0,mid
C10174,user10174@example.com,TN,free,0.0,,,1.0,1.0,2025-08-13 03:58:51.470052,1.0,1.0,0.0,0.0,2.0,4.91,6.28,2.0,phone,0.0,True,1.0,110.0,low
C10175,user10175@example.net,MA,free,0.0,,,0.0,0.0,,0.0,0.0,0.0,0.0,1.0,1.85,1.85,1.0,email,0.0,True,0.0,,low
C10176,user10176@example.com,SC,pro,50.0,,,0.0,0.0,,0.0,0.0,0.0,0.0,3.0,1.9866666666666666,2.17,3.0,email,0.0,True,1.0,,low
C10177,user10177@example.org,SD,pro,80.0,,,3.0,3.0,2025-11-27 02:44:33.182556,2.0,1.0,1.0,1.0,3.0,10.253333333333334,11.55,3.0,phone,0.0,True,1.0,4.0,high
C10178,user10178@example.org,ID,basic,21.0,,,2.0,2.0,2025-09-10 01:03:09.651632,1.0,1.0,0.0,0.0,2.0,3.2800000000000002,4.83,2.0,chat,0.0,True,1.0,82.0,mid
C10179,user10179@example.net,MS,basic,10.0,,,5.0,5.0,2025-11-13 09:30:18.091580,3.0,1.0,2.0,2.0,1.0,6.32,6.32,1.0,phone,0.0,True,0.0,18.0,high
C10180,user10180@example.org,MO,pro,54.0,,,1.0,1.0,2025-06-08 14:31:36.572738,1.0,1.0,0.0,0.0,2.0,6.42,7.55,2.0,chat,0.0,True,1.0,176.0,low
C10181,user10181@example.com,MS,free,0.0,Y,1.0,0.0,0.0,,0.0,0.0,0.0,0.0,1.0,20.91,20.91,1.0,chat,0.0,True,0.0,,low
C10182,user10182@example.net,WI,pro,34.0,,,0.0,0.0,,0.0,0.0,0.0,0.0,2.0,5.635,7.34,2.0,phone,0.0,True,0.0,,low
C10183,user10183@example.net,MI,enterprise,112.0,Y,1.0,0.0,0.0,,0.0,0.0,0.0,0.0,0.0,,,0.0,,0.0,False,0.0,,low
C10184,user10184@example.com,CO,free,0.0,Y,1.0,0.0,0.0,,0.0,0.0,0.0,0.0,1.0,11.75,11.75,1.0,email,0.0,True,0.0,,low
C10185,user10185@example.net,WI,basic,15.0,,,3.0,3.0,2025-11-01 13:10:23.789944,2.0,1.0,0.0,0.0,4.0,6.1625,8.06,3.0,email,0.0,True,0.0,30.0,high
C10186,user10186@example.net,ND,free,0.0,,,1.0,1.0,2025-08-21 15:31:44.841085,1.0,1.0,0.0,0.0,2.0,2.735,3.84,1.0,email,0.0,True,0.0,102.0,low
C10187,user10187@example.net,AK,free,0.0,Y,1.0,1.0,1.0,2025-06-20 22:34:04.962615,1.0,1.0,0.0,0.0,3.0,21.191433333333336,29.114300000000007,2.0,chat,0.0,True,0.0,163.0,low
C10188,user10188@example.com,TN,pro,48.0,,,3.0,3.0,2025-09-17 13:36:18.838963,2.0,1.0,0.0,0.0,2.0,7.87,8.59,2.0,chat,0.0,True,0.0,75.0,high
C10189,user10189@example.net,VT,pro,37.0,,,1.0,1.0,2025-08-04 18:31:24.212506,1.0,1.0,0.0,0.0,3.0,4.516666666666667,5.38,2.0,phone,0.0,True,0.0,119.0,low
C10190,user10190@example.com,VA,pro,77.0,,,0.0,0.0,,0.0,0.0,0.0,0.0,2.0,8.075,11.67,2.0,chat,0.0,True,0.0,,low
C10191,user10191@example.com,ID,pro,45.0,,,1.0,1.0,2025-06-05 18:11:38.814774,1.0,1.0,0.0,0.0,4.0,10.4475,11.79,3.0,email,0.0,True,1.0,179.0,low
C10192,user10192@example.org,DE,enterprise,94.0,,,3.0,3.0,2025-10-23 21:29:46.723284,3.0,1.0,0.0,0.0,2.0,7.1499999999999995,11.27,2.0,chat,0.0,True,0.0,38.0,high
C10193,user10193@example.org,WA,free,0.0,,,2.0,2.0,2025-10-28 12:56:59.700213,2.0,1.0,0.0,0.0,4.0,7.865,11.78,3.0,phone,0.0,True,0.0,34.0,mid
C10194,user10194@example.net,MA,basic,15.0,,,2.0,2.0,2025-10-15 13:22:14.112585,2.0,1.0,0.0,0.0,3.0,6.306666666666666,11.95,3.0,chat,0.0,True,0.0,47.0,mid
C10195,user10195@example.org,AK,basic,24.0,,,1.0,1.0,2025-11-25 17:50:42.891595,1.0,1.0,1.0,1.0,2.0,5.155,9.5,1.0,email,0.0,True,1.0,6.0,low
C10196,user10196@example.net,IN,enterprise,140.0,,,3.0,3.0,2025-11-21 09:02:11.807619,2.0,1.0,1.0,1.0,2.0,11.485,11.62,2.0,phone,0.0,True,0.0,10.0,high
C10197,user10197@example.org,MD,basic,12.0,,,3.0,3.0,2025-10-17 14:10:32.655251,2.0,1.0,0.0,0.0,6.0,9.691666666666668,12.46,4.0,email,0.0,True,0.0,45.0,high
C10198,user10198@example.com,NC,pro,78.0,,,1.0,1.0,2025-06-21 10:22:08.788866,1.0,1.0,0.0,0.0,0.0,,,0.0,,0.0,False,0.0,163.0,low
C10199,user10199@example.org,AL,free,0.0,,,0.0,0.0,,0.0,0.0,0.0,0.0,3.0,4.876666666666666,7.29,3.0,chat,0.0,True,1.0,,low
C10200,user10200@example.net,IL,pro,64.0,,,3.0,3.0,2025-11-09 21:35:11.784085,2.0,1.0,1.0,1.0,0.0,,,0.0,,0.0,False,0.0,21.0,high
C10201,user10201@example.com,VT,enterprise,81.0,,,0.0,0.0,,0.0,0.0,0.0,0.0,2.0,8.28,9.01,2.0,phone,0.0,True,1.0,,low
C10202,user10202@example.com,VA,basic,21.0,,,2.0,2.0,2025-11-21 07:28:52.656124,2.0,1.0,1.0,1.0,3.0,7.07,10.7,2.0,phone,0.0,True,0.0,10.0,mid
C10203,user10203@example.com,HI,free,0.0,,,2.0,2.0,2025-11-23 01:12:36.141321,2.0,1.0,1.0,1.0,1.0,10.64,10.64,1.0,email,1.0,True,1.0,8.0,mid
C10204,user10204@example.net,RI,enterprise,139.0,,,1.0,1.0,2025-06-13 19:23:02.471537,1.0,1.0,0.0,0.0,0.0,,,0.0,,0.0,False,0.0,171.0,low
C10205,user10205@example.org,IN,pro,39.0,,,1.0,1.0,2025-11-04 09:13:59.610465,1.0,1.0,1.0,1.0,3.0,10.0,10.57,3.0,chat,0.0,True,0.0,27.0,low
C10206,user10206@example.org,MO,free,0.0,Y,1.0,0.0,0.0,,0.0,0.0,0.0,0.0,4.0,18.9025,28.84,3.0,phone,0.0,True,1.0,,low
C10207,user10207@example.org,MD,pro,35.0,,,1.0,1.0,2025-11-24 00:29:17.507476,1.0,1.0,1.0,1.0,3.0,12.696666666666667,18.55,3.0,email,0.0,True,0.0,7.0,low
C10208,user10208@example.org,DE,basic,24.0,,,3.0,3.0,2025-08-27 05:11:18.853319,3.0,1.0,0.0,0.0,3.0,7.593333333333334,8.45,2.0,email,0.0,True,0.0,96.0,high
C10209,user10209@example.net,NH,basic,15.0,,,1.0,1.0,2025-10-12 07:06:43.286312,1.0,1.0,0.0,0.0,3.0,5.323333333333333,10.85,2.0,chat,1.0,True,0.0,50.0,low
C10210,user10210@example.org,IA,basic,12.0,,,3.0,3.0,2025-11-19 21:44:12.883889,2.0,1.0,1.0,1.0,4.0,7.967499999999999,11.61,4.0,chat,0.0,True,1.0,11.0,high
C10211,user10211@example.com,NM,basic,23.0,,,1.0,1.0,2025-11-23 15:16:48.211627,1.0,1.0,1.0,1.0,4.0,5.8325,11.77,3.0,phone,0.0,True,1.0,8.0,low
C10212,user10212@example.org,TX,free,0.0,,,4.0,4.0,2025-11-08 23:49:16.275126,4.0,1.0,2.0,2.0,3.0,6.776666666666666,9.77,3.0,chat,0.0,True,0.0,22.0,high
C10213,user10213@example.net,WI,pro,39.0,,,0.0,0.0,,0.0,0.0,0.0,0.0,1.0,1.3,1.3,1.0,email,0.0,True,0.0,,low
C10214,user10214@example.com,ND,enterprise,118.0,Y,1.0,2.0,2.0,2025-08-24 13:52:00.472029,1.0,1.0,0.0,0.0,1.0,17.5,17.5,1.0,-,0.0,True,0.0,99.0,mid
C10215,user10215@example.com,AK,pro,65.0,,,0.0,0.0,,0.0,0.0,0.0,0.0,3.0,7.44,10.03,3.0,phone,0.0,True,0.0,,low
C10216,user10216@example.net,SC,basic,20.0,,,1.0,1.0,2025-10-25 21:17:56.414789,1.0,1.0,0.0,0.0,3.0,7.986666666666667,11.6,2.0,email,0.0,True,2.0,36.0,low
C10217,user10217@example.net,OK,enterprise,81.0,,,1.0,1.0,2025-10-21 14:12:49.223185,1.0,1.0,0.0,0.0,1.0,10.19,10.19,1.0,phone,0.0,True,0.0,41.0,low
C10218,user10218@example.net,MT,basic,21.0,,,1.0,1.0,2025-11-12 21:48:07.073002,1.0,1.0,1.0,1.0,1.0,4.58,4.58,1.0,phone,0.0,True,0.0,18.0,low
C10219,user10219@example.net,IL,basic,23.0,Y,1.0,1.0,1.0,2025-08-14 00:26:08.950211,1.0,1.0,0.0,0.0,4.0,22.376075000000004,29.114300000000007,2.0,email,0.0,True,1.0,109.0,low
C10220,user10220@example.org,AR,basic,15.0,,,2.0,2.0,2025-09-08 08:15:05.264103,2.0,1.0,0.0,0.0,2.0,2.915,3.46,2.0,phone,1.0,True,0.0,84.0,mid
C10221,user10221@example.com,NH,pro,73.0,,,0.0,0.0,,0.0,0.0,0.0,0.0,4.0,10.895,11.87,3.0,email,0.0,True,0.0,,low
C10222,user10222@example.net,MN,free,0.0,,,0.0,0.0,,0.0,0.0,0.0,0.0,1.0,5.05,5.05,1.0,email,0.0,True,0.0,,low
C10223,user10223@example.com,RI,enterprise,91.0,,,3.0,3.0,2025-10-26 09:47:53.436424,2.0,1.0,0.0,0.0,3.0,9.143333333333333,10.43,2.0,chat,0.0,True,0.0,36.0,high
C10224,user10224@example.org,IA,basic,30.0,,,0.0,0.0,,0.0,0.0,0.0,0.0,1.0,8.06,8.06,1.0,chat,0.0,True,1.0,,low
C10225,user10225@example.net,OR,enterprise,144.0,Y,1.0,0.0,0.0,,0.0,0.0,0.0,0.0,1.0,29.114300000000007,29.114300000000007,1.0,chat,0.0,True,0.0,,low
C10226,user10226@example.com,CA,free,0.0,,,2.0,2.0,2025-08-28 07:47:20.561814,1.0,1.0,0.0,0.0,1.0,2.66,2.66,1.0,chat,0.0,True,0.0,95.0,mid
C10227,user10227@example.net,WY,basic,23.0,,,2.0,2.0,2025-09-28 20:02:17.422851,2.0,1.0,0.0,0.0,2.0,5.295,6.86,1.0,chat,0.0,True,0.0,64.0,mid
C10228,user10228@example.org,AL,basic,27.0,,,3.0,3.0,2025-09-12 03:12:17.206174,2.0,1.0,0.0,0.0,3.0,4.97,10.53,2.0,email,0.0,True,0.0,80.0,high
C10229,user10229@example.org,NE,pro,49.0,,,2.0,2.0,2025-09-15 17:42:14.267263,2.0,1.0,0.0,0.0,1.0,14.01,14.01,1.0,chat,1.0,True,0.0,77.0,mid
C10230,user10230@example.com,GA,enterprise,125.0,,,1.0,1.0,2025-06-12 18:52:42.370071,1.0,1.0,0.0,0.0,2.0,12.64,14.94,2.0,phone,0.0,True,0.0,172.0,low
C10231,user10231@example.org,NY,basic,21.0,,,2.0,2.0,2025-11-02 19:37:28.016108,2.0,1.0,1.0,1.0,3.0,6.366666666666666,8.19,2.0,email,0.0,True,0.0,29.0,mid
C10232,user10232@example.net,ME,free,0.0,,,2.0,2.0,2025-12-01 06:31:51.141559,2.0,1.0,1.0,1.0,4.0,7.109999999999999,12.0,2.0,chat,0.0,True,1.0,0.0,mid
C10233,user10233@example.org,NV,free,0.0,,,2.0,2.0,2025-06-22 00:55:16.123213,1.0,1.0,0.0,0.0,1.0,5.01,5.01,1.0,email,0.0,True,0.0,162.0,mid
C10234,user10234@example.org,ID,pro,32.0,,,1.0,1.0,2025-06-25 08:05:11.208505,1.0,1.0,0.0,0.0,2.0,7.165,9.59,2.0,chat,0.0,True,2.0,159.0,low
C10235,user10235@example.org,CA,pro,66.0,Y,1.0,1.0,1.0,2025-10-20 12:40:13.064105,1.0,1.0,0.0,0.0,1.0,17.31,17.31,1.0,phone,0.0,True,0.0,42.0,low
C10236,user10236@example.net,SD,free,0.0,,,0.0,0.0,,0.0,0.0,0.0,0.0,4.0,7.02,10.33,2.0,phone,0.0,True,0.0,,low
C10237,user10237@example.net,ME,pro,78.0,Y,1.0,0.0,0.0,,0.0,0.0,0.0,0.0,3.0,18.973333333333333,24.33,2.0,phone,0.0,True,1.0,,low
C10238,user10238@example.org,WI,basic,18.0,Y,1.0,0.0,0.0,,0.0,0.0,0.0,0.0,1.0,15.03,15.03,1.0,email,0.0,True,0.0,,low
C10239,user10239@example.net,IN,pro,45.0,,,2.0,2.0,2025-08-29 22:40:43.207505,2.0,1.0,0.0,0.0,1.0,7.38,7.38,1.0,email,0.0,True,0.0,93.0,mid
C10240,user10240@example.net,NE,basic,29.0,Y,1.0,0.0,0.0,,0.0,0.0,0.0,0.0,2.0,25.755,28.2,1.0,email,0.0,True,0.0,,low
C10241,user10241@example.org,NY,enterprise,138.0,,,5.0,5.0,2025-11-13 16:18:41.142635,4.0,1.0,1.0,1.0,2.0,5.795,7.25,1.0,phone,0.0,True,0.0,18.0,high
C10242,user10242@example.org,TX,pro,62.0,,,1.0,1.0,2025-10-23 19:26:49.648539,1.0,1.0,0.0,0.0,1.0,2.61,2.61,1.0,phone,0.0,True,0.0,39.0,low
C10243,user10243@example.com,IA,pro,79.0,,,3.0,3.0,2025-09-21 05:16:59.419058,2.0,1.0,0.0,0.0,0.0,,,0.0,,0.0,False,0.0,71.0,high
C10244,user10244@example.net,DE,basic,20.0,,,0.0,0.0,,0.0,0.0,0.0,0.0,6.0,5.343333333333334,11.89,3.0,chat,0.0,True,1.0,,low
C10245,user10245@example.org,NH,free,0.0,,,1.0,1.0,2025-06-18 18:44:13.237569,1.0,1.0,0.0,0.0,1.0,3.97,3.97,1.0,phone,0.0,True,0.0,166.0,low
C10246,user10246@example.net,OK,enterprise,145.0,Y,1.0,0.0,0.0,,0.0,0.0,0.0,0.0,2.0,15.82,17.95,2.0,chat,0.0,True,0.0,,low
C10247,user10247@example.com,ND,free,0.0,,,1.0,1.0,2025-10-08 19:08:21.248545,1.0,1.0,0.0,0.0,3.0,5.823333333333333,6.73,2.0,phone,0.0,True,0.0,54.0,low
C10248,user10248@example.org,OK,basic,23.0,,,1.0,1.0,2025-08-15 20:39:45.842879,1.0,1.0,0.0,0.0,2.0,7.025,8.47,2.0,phone,0.0,True,0.0,108.0,low
C10249,user10249@example.com,TX,pro,67.0,,,1.0,1.0,2025-10-18 04:54:50.131103,1.0,1.0,0.0,0.0,2.0,7.9350000000000005,11.88,2.0,email,0.0,True,0.0,44.0,low
C10250,user10250@example.org,VT,enterprise,132.0,,,0.0,0.0,,0.0,0.0,0.0,0.0,3.0,6.736666666666667,10.7,1.0,chat,0.0,True,0.0,,low
C10251,user10251@example.com,HI,basic,26.0,,,2.0,2.0,2025-11-26 16:28:42.368557,1.0,1.0,2.0,2.0,3.0,7.580000000000001,10.8,2.0,chat,0.0,True,1.0,5.0,mid
C10252,user10252@example.com,PA,basic,16.0,Y,1.0,1.0,1.0,2025-10-09 07:54:57.483776,1.0,1.0,0.0,0.0,2.0,23.03,26.4,2.0,chat,0.0,True,0.0,53.0,low
C10253,user10253@example.org,SC,enterprise,104.0,,,2.0,2.0,2025-11-29 20:26:05.431604,2.0,1.0,1.0,1.0,2.0,6.22,11.04,1.0,phone,0.0,True,0.0,2.0,mid
C10254,user10254@example.org,WA,free,0.0,Y,1.0,1.0,1.0,2025-06-25 14:25:37.379408,1.0,1.0,0.0,0.0,1.0,12.04,12.04,1.0,phone,0.0,True,0.0,159.0,low
C10255,user10255@example.net,IA,basic,13.0,Y,1.0,0.0,0.0,,0.0,0.0,0.0,0.0,5.0,18.130000000000003,24.81,3.0,email,0.0,True,0.0,,low
C10256,user10256@example.com,AZ,enterprise,133.0,,,0.0,0.0,,0.0,0.0,0.0,0.0,1.0,6.15,6.15,1.0,chat,0.0,True,0.0,,low
C10257,user10257@example.com,NC,pro,55.0,,,0.0,0.0,,0.0,0.0,0.0,0.0,4.0,3.6075,7.19,2.0,phone,0.0,True,1.0,,low
C10258,user10258@example.org,KS,free,0.0,Y,1.0,0.0,0.0,,0.0,0.0,0.0,0.0,4.0,19.1025,28.05,3.0,email,0.0,True,1.0,,low
C10259,user10259@example.org,ID,free,0.0,,,0.0,0.0,,0.0,0.0,0.0,0.0,4.0,5.9625,10.92,4.0,chat,0.0,True,0.0,,low
C10260,user10260@example.com,RI,basic,22.0,,,1.0,1.0,2025-10-24 00:23:33.153455,1.0,1.0,0.0,0.0,4.0,5.8925,11.81,2.0,phone,0.0,True,0.0,38.0,low
C10261,user10261@example.org,VA,free,0.0,,,0.0,0.0,,0.0,0.0,0.0,0.0,0.0,,,0.0,,0.0,False,0.0,,low
C10262,user10262@example.org,FL,enterprise,82.0,,,2.0,2.0,2025-08-22 01:32:36.424667,2.0,1.0,0.0,0.0,2.0,7.955,11.7,2.0,-,0.0,True,0.0,101.0,mid
C10263,user10263@example.org,NY,enterprise,117.0,,,1.0,1.0,2025-07-19 03:32:51.975681,1.0,1.0,0.0,0.0,4.0,5.605,9.56,2.0,phone,0.0,True,0.0,135.0,low
C10264,user10264@example.com,ID,enterprise,93.0,,,4.0,4.0,2025-10-14 20:39:47.890090,3.0,1.0,0.0,0.0,0.0,,,0.0,,0.0,False,0.0,48.0,high
C10265,user10265@example.net,CO,free,0.0,,,1.0,1.0,2025-11-01 19:10:10.456810,1.0,1.0,0.0,0.0,1.0,6.22,6.22,1.0,email,0.0,True,0.0,30.0,low
C10266,user10266@example.net,VA,free,0.0,,,5.0,5.0,2025-10-01 04:29:39.607286,4.0,1.0,0.0,0.0,2.0,7.415,7.83,2.0,chat,0.0,True,0.0,61.0,high
C10267,user10267@example.net,CO,pro,35.0,Y,1.0,1.0,1.0,2025-08-29 07:21:43.147406,1.0,1.0,0.0,0.0,2.0,15.61,21.85,1.0,chat,0.0,True,1.0,94.0,low
C10268,user10268@example.net,VT,basic,24.0,,,1.0,1.0,2025-07-28 03:31:14.088900,1.0,1.0,0.0,0.0,3.0,6.633333333333333,10.14,3.0,phone,0.0,True,0.0,126.0,low
C10269,user10269@example.org,DE,enterprise,125.0,,,0.0,0.0,,0.0,0.0,0.0,0.0,4.0,4.215,8.86,3.0,email,1.0,True,0.0,,low
C10270,user10270@example.org,AK,basic,12.0,Y,1.0,0.0,0.0,,0.0,0.0,0.0,0.0,4.0,19.44,25.77,3.0,chat,0.0,True,1.0,,low
C10271,user10271@example.org,HI,enterprise,130.0,,,3.0,3.0,2025-12-01 21:12:13.342817,3.0,1.0,1.0,1.0,4.0,5.0600000000000005,9.98,3.0,chat,0.0,True,1.0,0.0,high
C10272,user10272@example.com,PA,basic,14.0,,,2.0,2.0,2025-10-17 01:32:02.103827,1.0,1.0,0.0,0.0,5.0,6.048,11.74,2.0,email,1.0,True,0.0,45.0,mid
C10273,user10273@example.org,RI,free,0.0,Y,1.0,1.0,1.0,2025-09-06 13:05:49.370927,1.0,1.0,0.0,0.0,3.0,18.63,23.95,3.0,email,0.0,True,0.0,86.0,low
C10274,user10274@example.org,VA,basic,11.0,,,1.0,1.0,2025-10-22 14:00:35.220580,1.0,1.0,0.0,0.0,1.0,3.34,3.34,1.0,-,0.0,True,0.0,40.0,low
C10275,user10275@example.com,IN,enterprise,145.0,,,2.0,2.0,2025-09-23 07:12:07.680188,2.0,1.0,0.0,0.0,2.0,1.7599999999999998,2.78,2.0,chat,0.0,True,0.0,69.0,mid
C10276,user10276@example.net,MA,free,0.0,,,0.0,0.0,,0.0,0.0,0.0,0.0,4.0,6.645,11.45,3.0,phone,0.0,True,0.0,,low
C10277,user10277@example.org,IN,enterprise,129.0,Y,1.0,0.0,0.0,,0.0,0.0,0.0,0.0,3.0,16.18,20.0,2.0,phone,0.0,True,0.0,,low
C10278,user10278@example.net,MO,pro,78.0,,,1.0,1.0,2025-10-20 01:57:24.023048,1.0,1.0,0.0,0.0,1.0,8.24,8.24,1.0,email,0.0,True,0.0,42.0,low
C10279,user10279@example.net,TN,enterprise,140.0,Y,1.0,0.0,0.0,,0.0,0.0,0.0,0.0,5.0,15.136,20.64,4.0,chat,0.0,True,1.0,,low
C10280,user10280@example.net,NC,pro,53.0,,,3.0,3.0,2025-11-12 10:03:04.279488,2.0,1.0,1.0,1.0,2.0,7.96,10.42,2.0,chat,0.0,True,0.0,19.0,high
C10281,user10281@example.net,MI,enterprise,120.0,Y,1.0,0.0,0.0,,0.0,0.0,0.0,0.0,3.0,14.853333333333333,18.57,2.0,phone,0.0,True,0.0,,low
C10282,user10282@example.org,NV,enterprise,141.0,Y,1.0,0.0,0.0,,0.0,0.0,0.0,0.0,2.0,21.535,24.92,2.0,chat,0.0,True,0.0,,low
C10283,user10283@example.org,MN,enterprise,124.0,,,0.0,0.0,,0.0,0.0,0.0,0.0,3.0,5.7,10.08,3.0,chat,0.0,True,0.0,,low
C10284,user10284@example.org,ND,free,0.0,,,1.0,1.0,2025-06-11 16:36:18.128199,1.0,1.0,0.0,0.0,1.0,11.59,11.59,1.0,email,0.0,True,0.0,173.0,low
C10285,user10285@example.net,MD,enterprise,133.0,,,0.0,0.0,,0.0,0.0,0.0,0.0,1.0,12.42,12.42,1.0,email,0.0,True,0.0,,low
C10286,user10286@example.org,AZ,pro,78.0,,,1.0,1.0,2025-09-06 19:52:31.415741,1.0,1.0,0.0,0.0,1.0,10.39,10.39,1.0,email,0.0,True,0.0,86.0,low
C10287,user10287@example.com,OR,enterprise,108.0,,,0.0,0.0,,0.0,0.0,0.0,0.0,1.0,13.69,13.69,1.0,chat,0.0,True,0.0,,low
C10288,user10288@example.com,KS,basic,16.0,,,1.0,1.0,2025-11-06 23:59:43.737413,1.0,1.0,1.0,1.0,3.0,9.306666666666667,10.73,2.0,chat,0.0,True,0.0,24.0,low
C10289,user10289@example.org,MI,free,0.0,Y,1.0,1.0,1.0,2025-08-31 21:48:21.239774,1.0,1.0,0.0,0.0,4.0,20.3025,25.54,2.0,email,0.0,True,0.0,91.0,low
C10290,user10290@example.net,PA,free,0.0,Y,1.0,0.0,0.0,,0.0,0.0,0.0,0.0,1.0,25.9,25.9,1.0,email,0.0,True,0.0,,low
C10291,user10291@example.com,FL,pro,51.0,Y,1.0,0.0,0.0,,0.0,0.0,0.0,0.0,2.0,22.595,25.14,2.0,chat,0.0,True,0.0,,low
C10292,user10292@example.org,MS,free,0.0,Y,1.0,1.0,1.0,2025-06-05 15:38:13.785738,1.0,1.0,0.0,0.0,0.0,,,0.0,,0.0,False,0.0,179.0,low
C10293,user10293@example.net,WY,basic,20.0,,,2.0,2.0,2025-10-07 15:04:45.221428,2.0,1.0,0.0,0.0,4.0,5.8175,6.71,3.0,chat,0.0,True,1.0,55.0,mid
C10294,user10294@example.net,AZ,pro,54.0,,,3.0,3.0,2025-10-28 17:15:36.715292,3.0,1.0,0.0,0.0,3.0,7.38,10.72,3.0,phone,0.0,True,0.0,34.0,high
C10295,user10295@example.com,GA,basic,12.0,,,1.0,1.0,2025-08-23 23:13:09.904108,1.0,1.0,0.0,0.0,0.0,,,0.0,,0.0,False,0.0,99.0,low
C10296,user10296@example.org,MS,pro,50.0,Y,1.0,0.0,0.0,,0.0,0.0,0.0,0.0,3.0,16.24,22.43,3.0,email,0.0,True,0.0,,low
C10297,user10297@example.net,MS,pro,48.0,,,0.0,0.0,,0.0,0.0,0.0,0.0,1.0,3.92,3.92,1.0,chat,0.0,True,0.0,,low
C10298,user10298@example.com,LA,pro,37.0,,,0.0,0.0,,0.0,0.0,0.0,0.0,0.0,,,0.0,,0.0,False,0.0,,low
C10299,user10299@example.org,MT,free,0.0,Y,1.0,0.0,0.0,,0.0,0.0,0.0,0.0,2.0,17.9,27.75,2.0,chat,1.0,True,0.0,,low
C10300,user10300@example.com,WA,basic,27.0,,,1.0,1.0,2025-10-28 16:44:36.042058,1.0,1.0,0.0,0.0,6.0,9.268333333333333,11.37,4.0,chat,0.0,True,0.0,34.0,low
C10301,user10301@example.com,MS,pro,47.0,,,1.0,1.0,2025-08-17 23:02:23.467543,1.0,1.0,0.0,0.0,0.0,,,0.0,,0.0,False,0.0,105.0,low
C10302,user10302@example.net,OR,enterprise,136.0,Y,1.0,0.0,0.0,,0.0,0.0,0.0,0.0,3.0,20.823333333333334,28.58,2.0,chat,0.0,True,1.0,,low
C10303,user10303@example.org,MS,pro,61.0,,,2.0,2.0,2025-08-05 06:38:58.189645,2.0,1.0,0.0,0.0,4.0,3.3249999999999997,5.89,2.0,email,0.0,True,1.0,118.0,mid
C10304,user10304@example.com,NH,pro,55.0,Y,1.0,0.0,0.0,,0.0,0.0,0.0,0.0,3.0,22.743333333333336,26.87,2.0,phone,1.0,True,1.0,,low
C10305,user10305@example.net,ND,free,0.0,,,2.0,2.0,2025-09-23 19:03:05.137525,2.0,1.0,0.0,0.0,3.0,7.010000000000001,10.88,2.0,email,0.0,True,0.0,69.0,mid
C10306,user10306@example.net,TN,free,0.0,,,2.0,2.0,2025-12-01 08:37:45.464974,2.0,1.0,1.0,1.0,1.0,5.14,5.14,1.0,phone,0.0,True,0.0,0.0,mid
C10307,user10307@example.com,IN,basic,11.0,,,0.0,0.0,,0.0,0.0,0.0,0.0,2.0,5.755,6.47,1.0,phone,0.0,True,0.0,,low
C10308,user10308@example.com,VT,free,0.0,Y,1.0,0.0,0.0,,0.0,0.0,0.0,0.0,1.0,17.5,17.5,1.0,-,0.0,True,0.0,,low
C10309,user10309@example.org,MI,pro,42.0,,,3.0,3.0,2025-10-31 23:51:04.460048,2.0,1.0,0.0,0.0,4.0,7.0275,10.73,3.0,phone,0.0,True,1.0,30.0,high
C10310,user10310@example.net,AZ,basic,20.0,,,2.0,2.0,2025-08-31 05:06:10.761887,1.0,1.0,0.0,0.0,0.0,,,0.0,,0.0,False,0.0,92.0,mid
C10311,user10311@example.com,ND,basic,10.0,Y,1.0,0.0,0.0,,0.0,0.0,0.0,0.0,3.0,25.189999999999998,28.18,2.0,chat,0.0,True,0.0,,low
C10312,user10312@example.net,WY,enterprise,134.0,,,3.0,3.0,2025-10-02 21:07:12.173685,1.0,1.0,0.0,0.0,0.0,,,0.0,,0.0,False,0.0,60.0,high
C10313,user10313@example.com,VA,basic,18.0,,,1.0,1.0,2025-07-15 22:30:05.141083,1.0,1.0,0.0,0.0,0.0,,,0.0,,0.0,False,0.0,138.0,low
C10314,user10314@example.org,WI,basic,17.0,,,1.0,1.0,2025-11-22 03:41:21.923125,1.0,1.0,1.0,1.0,0.0,,,0.0,,0.0,False,0.0,9.0,low
C10315,user10315@example.org,OR,pro,74.0,,,4.0,4.0,2025-10-02 20:00:57.124755,2.0,1.0,0.0,0.0,0.0,,,0.0,,0.0,False,0.0,60.0,high
C10316,user10316@example.org,WV,enterprise,103.0,Y,1.0,0.0,0.0,,0.0,0.0,0.0,0.0,3.0,23.063333333333333,28.66,2.0,phone,0.0,True,0.0,,low
C10317,user10317@example.com,CO,basic,30.0,Y,1.0,0.0,0.0,,0.0,0.0,0.0,0.0,1.0,19.94,19.94,1.0,email,0.0,True,0.0,,low
C10318,user10318@example.net,NV,basic,28.0,,,1.0,1.0,2025-10-08 22:07:24.153756,1.0,1.0,0.0,0.0,2.0,3.39,3.39,2.0,email,0.0,True,0.0,53.0,low
C10319,user10319@example.net,CO,basic,21.0,,,0.0,0.0,,0.0,0.0,0.0,0.0,5.0,7.964,11.6,3.0,email,0.0,True,2.0,,low
C10320,user10320@example.com,RI,basic,10.0,Y,1.0,0.0,0.0,,0.0,0.0,0.0,0.0,1.0,24.92,24.92,1.0,email,0.0,True,0.0,,low
C10321,user10321@example.net,AR,enterprise,92.0,,,1.0,1.0,2025-08-25 15:37:49.628875,1.0,1.0,0.0,0.0,1.0,2.22,2.22,1.0,phone,0.0,True,1.0,98.0,low
C10322,user10322@example.net,TX,pro,34.0,Y,1.0,0.0,0.0,,0.0,0.0,0.0,0.0,8.0,14.64,23.27,3.0,email,0.0,True,0.0,,low
C10323,user10323@example.com,WY,basic,18.0,,,1.0,1.0,2025-09-15 08:55:16.011066,1.0,1.0,0.0,0.0,0.0,,,0.0,,0.0,False,0.0,77.0,low
C10324,user10324@example.com,UT,enterprise,93.0,Y,1.0,0.0,0.0,,0.0,0.0,0.0,0.0,2.0,22.509999999999998,23.23,2.0,-,0.0,True,0.0,,low
C10325,user10325@example.com,FL,free,0.0,Y,1.0,1.0,1.0,2025-10-03 13:53:52.333760,1.0,1.0,0.0,0.0,3.0,15.223333333333334,17.17,3.0,email,0.0,True,0.0,59.0,low
C10326,user10326@example.net,KY,basic,17.0,,,3.0,3.0,2025-10-30 12:37:25.889244,2.0,1.0,0.0,0.0,6.0,8.888333333333334,11.55,3.0,chat,0.0,True,0.0,32.0,high
C10327,user10327@example.com,MT,free,0.0,Y,1.0,0.0,0.0,,0.0,0.0,0.0,0.0,4.0,21.856075000000004,29.114300000000007,3.0,chat,0.0,True,0.0,,low
C10328,user10328@example.net,ID,pro,45.0,,,2.0,2.0,2025-11-13 04:19:49.302073,2.0,1.0,1.0,1.0,1.0,4.6,4.6,1.0,phone,0.0,True,0.0,18.0,mid
C10329,user10329@example.com,NE,pro,32.0,Y,1.0,0.0,0.0,,0.0,0.0,0.0,0.0,2.0,16.505000000000003,19.12,2.0,phone,0.0,True,0.0,,low
C10330,user10330@example.net,OK,enterprise,82.0,,,2.0,2.0,2025-09-14 20:16:29.490906,2.0,1.0,0.0,0.0,1.0,7.09,7.09,1.0,phone,0.0,True,0.0,78.0,mid
C10331,user10331@example.com,AK,basic,18.0,,,2.0,2.0,2025-10-17 18:18:21.037873,2.0,1.0,0.0,0.0,2.0,6.985,10.71,2.0,email,0.0,True,0.0,45.0,mid
C10332,user10332@example.org,NV,free,0.0,,,0.0,0.0,,0.0,0.0,0.0,0.0,5.0,4.404,7.02,4.0,phone,0.0,True,0.0,,low
C10333,user10333@example.org,FL,pro,59.0,,,1.0,1.0,2025-10-23 17:52:34.784221,1.0,1.0,0.0,0.0,0.0,,,0.0,,0.0,False,0.0,39.0,low
C10334,user10334@example.com,DE,basic,26.0,Y,1.0,0.0,0.0,,0.0,0.0,0.0,0.0,2.0,17.259999999999998,21.95,1.0,chat,0.0,True,0.0,,low
C10335,user10335@example.com,AL,free,0.0,Y,1.0,0.0,0.0,,0.0,0.0,0.0,0.0,2.0,16.815,21.26,1.0,phone,0.0,True,0.0,,low
C10336,user10336@example.org,TN,free,0.0,,,2.0,2.0,2025-09-11 00:28:27.031458,1.0,1.0,0.0,0.0,1.0,8.16,8.16,1.0,chat,0.0,True,0.0,81.0,mid
C10337,user10337@example.com,MI,free,0.0,Y,1.0,0.0,0.0,,0.0,0.0,0.0,0.0,2.0,16.78,17.88,2.0,phone,0.0,True,0.0,,low
C10338,user10338@example.net,AK,free,0.0,,,2.0,2.0,2025-08-29 13:58:35.887231,1.0,1.0,0.0,0.0,6.0,7.1066666666666665,11.09,3.0,email,0.0,True,3.0,94.0,mid
C10339,user10339@example.com,NC,pro,34.0,,,0.0,0.0,,0.0,0.0,0.0,0.0,5.0,4.95,10.48,2.0,chat,0.0,True,1.0,,low
C10340,user10340@example.net,UT,basic,29.0,,,3.0,3.0,2025-11-27 13:38:32.371575,2.0,1.0,1.0,1.0,2.0,12.725000000000001,15.9,2.0,phone,0.0,True,0.0,4.0,high
C10341,user10341@example.org,OH,enterprise,97.0,,,1.0,1.0,2025-08-31 12:03:01.637835,1.0,1.0,0.0,0.0,1.0,9.41,9.41,1.0,phone,0.0,True,0.0,92.0,low
C10342,user10342@example.com,TX,pro,43.0,,,0.0,0.0,,0.0,0.0,0.0,0.0,4.0,3.4450000000000003,5.35,3.0,phone,0.0,True,1.0,,low
C10343,user10343@example.net,CO,basic,20.0,,,2.0,2.0,2025-11-25 13:33:06.736116,2.0,1.0,1.0,1.0,3.0,5.123333333333334,6.82,2.0,email,0.0,True,1.0,6.0,mid
C10344,user10344@example.org,GA,enterprise,141.0,,,2.0,2.0,2025-11-28 19:52:22.916105,1.0,1.0,1.0,1.0,4.0,11.755,17.39,3.0,email,0.0,True,0.0,3.0,mid
C10345,user10345@example.net,FL,free,0.0,Y,1.0,0.0,0.0,,0.0,0.0,0.0,0.0,3.0,21.776666666666667,25.38,2.0,phone,0.0,True,0.0,,low
C10346,user10346@example.net,OH,pro,35.0,,,3.0,3.0,2025-08-22 20:40:53.938039,3.0,1.0,0.0,0.0,0.0,,,0.0,,0.0,False,0.0,101.0,high
C10347,user10347@example.com,CO,pro,37.0,,,0.0,0.0,,0.0,0.0,0.0,0.0,1.0,7.42,7.42,1.0,chat,0.0,True,0.0,,low
C10348,user10348@example.com,SC,basic,13.0,,,2.0,2.0,2025-10-04 06:55:06.727959,1.0,1.0,0.0,0.0,4.0,8.77,11.02,4.0,phone,0.0,True,1.0,58.0,mid
C10349,user10349@example.org,DE,free,0.0,,,2.0,2.0,2025-07-28 16:26:06.858930,2.0,1.0,0.0,0.0,3.0,3.026666666666667,3.97,3.0,email,0.0,True,1.0,126.0,mid
C10350,user10350@example.com,SC,enterprise,97.0,Y,1.0,1.0,1.0,2025-09-02 04:04:06.511827,1.0,1.0,0.0,0.0,4.0,17.7425,25.82,2.0,email,0.0,True,0.0,90.0,low
C10351,user10351@example.org,MA,enterprise,104.0,,,2.0,2.0,2025-11-16 15:43:58.313346,2.0,1.0,1.0,1.0,2.0,3.415,3.74,2.0,email,0.0,True,0.0,15.0,mid
C10352,user10352@example.net,FL,pro,39.0,,,1.0,1.0,2025-07-15 05:31:57.424260,1.0,1.0,0.0,0.0,2.0,5.42,10.32,2.0,-,0.0,True,0.0,139.0,low
C10353,user10353@example.net,AZ,basic,18.0,,,2.0,2.0,2025-07-25 12:43:29.332869,1.0,1.0,0.0,0.0,3.0,11.196666666666667,11.66,3.0,email,0.0,True,0.0,129.0,mid
C10354,user10354@example.org,VA,free,0.0,,,0.0,0.0,,0.0,0.0,0.0,0.0,4.0,7.1125,11.67,3.0,email,0.0,True,1.0,,low
C10355,user10355@example.com,MN,free,0.0,Y,1.0,0.0,0.0,,0.0,0.0,0.0,0.0,2.0,17.455,23.87,1.0,chat,0.0,True,0.0,,low
C10356,user10356@example.org,MA,basic,11.0,,,1.0,1.0,2025-11-18 07:29:53.654635,1.0,1.0,1.0,1.0,4.0,4.925,11.39,2.0,chat,0.0,True,1.0,13.0,low
C10357,user10357@example.net,NJ,pro,49.0,,,0.0,0.0,,0.0,0.0,0.0,0.0,1.0,10.33,10.33,1.0,email,0.0,True,0.0,,low
C10358,user10358@example.org,WA,enterprise,124.0,,,2.0,2.0,2025-08-26 23:01:36.306084,2.0,1.0,0.0,0.0,2.0,7.83,11.77,2.0,chat,0.0,True,0.0,96.0,mid
C10359,user10359@example.org,AZ,free,0.0,,,0.0,0.0,,0.0,0.0,0.0,0.0,2.0,6.775,8.34,2.0,phone,0.0,True,0.0,,low
C10360,user10360@example.net,DE,basic,19.0,,,3.0,3.0,2025-10-05 17:36:48.680826,3.0,1.0,0.0,0.0,1.0,5.84,5.84,1.0,phone,0.0,True,0.0,57.0,high
C10361,user10361@example.com,HI,free,0.0,,,0.0,0.0,,0.0,0.0,0.0,0.0,3.0,4.753333333333333,6.3,3.0,chat,0.0,True,2.0,,low
C10362,user10362@example.org,DE,enterprise,119.0,,,1.0,1.0,2025-06-24 03:12:59.454868,1.0,1.0,0.0,0.0,2.0,7.825,8.15,2.0,phone,0.0,True,1.0,160.0,low
C10363,user10363@example.com,FL,basic,13.0,Y,1.0,1.0,1.0,2025-11-04 05:02:39.285286,1.0,1.0,1.0,1.0,6.0,19.880716666666668,29.114300000000007,4.0,chat,0.0,True,1.0,27.0,low
C10364,user10364@example.com,WA,enterprise,85.0,,,1.0,1.0,2025-09-08 19:22:10.831247,1.0,1.0,0.0,0.0,4.0,4.7275,8.56,3.0,phone,1.0,True,0.0,84.0,low
C10365,user10365@example.org,IL,basic,15.0,,,2.0,2.0,2025-10-23 18:18:55.343756,2.0,1.0,0.0,0.0,1.0,2.06,2.06,1.0,chat,0.0,True,0.0,39.0,mid
C10366,user10366@example.org,ID,basic,25.0,,,1.0,1.0,2025-10-19 09:14:44.213325,1.0,1.0,0.0,0.0,3.0,3.686666666666666,7.6,2.0,email,0.0,True,0.0,43.0,low
C10367,user10367@example.com,CO,basic,20.0,,,1.0,1.0,2025-11-27 21:46:37.363620,1.0,1.0,1.0,1.0,1.0,8.29,8.29,1.0,phone,0.0,True,0.0,3.0,low
C10368,user10368@example.net,NM,basic,24.0,,,2.0,2.0,2025-08-12 03:55:15.654774,2.0,1.0,0.0,0.0,3.0,8.883333333333333,11.57,2.0,chat,0.0,True,2.0,111.0,mid
C10369,user10369@example.com,WV,basic,20.0,,,0.0,0.0,,0.0,0.0,0.0,0.0,2.0,8.399999999999999,11.03,1.0,chat,0.0,True,0.0,,low
C10370,user10370@example.com,FL,free,0.0,Y,1.0,1.0,1.0,2025-09-26 23:23:45.109024,1.0,1.0,0.0,0.0,2.0,21.615,21.83,2.0,phone,0.0,True,0.0,65.0,low
C10371,user10371@example.org,TX,enterprise,87.0,,,2.0,2.0,2025-09-06 21:41:57.119757,2.0,1.0,0.0,0.0,4.0,5.65,8.46,3.0,email,0.0,True,0.0,85.0,mid
C10372,user10372@example.com,VT,pro,80.0,,,0.0,0.0,,0.0,0.0,0.0,0.0,1.0,2.9,2.9,1.0,email,0.0,True,0.0,,low
C10373,user10373@example.net,PA,basic,13.0,Y,1.0,0.0,0.0,,0.0,0.0,0.0,0.0,2.0,13.16,14.65,2.0,chat,0.0,True,1.0,,low
C10374,user10374@example.org,PA,free,0.0,Y,1.0,0.0,0.0,,0.0,0.0,0.0,0.0,3.0,11.893333333333333,18.06,1.0,phone,1.0,True,2.0,,low
C10375,user10375@example.net,AR,basic,29.0,Y,1.0,0.0,0.0,,0.0,0.0,0.0,0.0,1.0,11.99,11.99,1.0,email,0.0,True,0.0,,low
C10376,user10376@example.org,AK,basic,16.0,Y,1.0,0.0,0.0,,0.0,0.0,0.0,0.0,1.0,25.05,25.05,1.0,phone,0.0,True,0.0,,low
C10377,user10377@example.net,WV,enterprise,82.0,Y,1.0,0.0,0.0,,0.0,0.0,0.0,0.0,1.0,11.07,11.07,1.0,email,0.0,True,0.0,,low
C10378,user10378@example.net,IL,basic,26.0,,,3.0,3.0,2025-10-09 23:29:57.338562,3.0,1.0,0.0,0.0,4.0,7.8525,11.88,3.0,email,0.0,True,0.0,52.0,high
C10379,user10379@example.net,VT,basic,21.0,Y,1.0,0.0,0.0,,0.0,0.0,0.0,0.0,2.0,20.892150000000004,29.114300000000007,2.0,chat,0.0,True,0.0,,low
C10380,user10380@example.com,SD,enterprise,120.0,,,1.0,1.0,2025-09-08 22:17:41.553869,1.0,1.0,0.0,0.0,6.0,8.426666666666668,11.52,3.0,email,0.0,True,2.0,83.0,low
C10381,user10381@example.org,NH,free,0.0,,,0.0,0.0,,0.0,0.0,0.0,0.0,1.0,8.6,8.6,1.0,chat,0.0,True,1.0,,low
C10382,user10382@example.com,UT,free,0.0,Y,1.0,2.0,2.0,2025-06-16 01:26:09.531414,2.0,1.0,0.0,0.0,1.0,29.114300000000007,29.114300000000007,1.0,email,0.0,True,0.0,168.0,mid
C10383,user10383@example.com,PA,free,0.0,,,1.0,1.0,2025-10-20 08:38:17.830699,1.0,1.0,0.0,0.0,1.0,0.99,0.99,1.0,chat,0.0,True,0.0,42.0,low
C10384,user10384@example.org,NH,basic,14.0,,,1.0,1.0,2025-09-15 10:39:31.325343,1.0,1.0,0.0,0.0,1.0,2.11,2.11,1.0,chat,0.0,True,0.0,77.0,low
C10385,user10385@example.org,MS,pro,40.0,Y,1.0,0.0,0.0,,0.0,0.0,0.0,0.0,4.0,13.265,20.12,2.0,chat,0.0,True,0.0,,low
C10386,user10386@example.net,NY,pro,49.0,,,2.0,2.0,2025-09-04 07:23:12.958815,2.0,1.0,0.0,0.0,3.0,4.696666666666666,8.46,3.0,chat,0.0,True,1.0,88.0,mid
C10387,user10387@example.org,WI,basic,28.0,,,1.0,1.0,2025-08-17 10:49:54.284971,1.0,1.0,0.0,0.0,2.0,7.875,8.4,2.0,phone,0.0,True,1.0,106.0,low
C10388,user10388@example.net,CT,basic,23.0,,,3.0,3.0,2025-10-15 22:19:11.797209,2.0,1.0,0.0,0.0,2.0,5.09,7.82,1.0,email,0.0,True,0.0,46.0,high
C10389,user10389@example.com,ME,basic,11.0,,,1.0,1.0,2025-07-31 23:53:49.404064,1.0,1.0,0.0,0.0,2.0,4.04,5.14,2.0,phone,1.0,True,0.0,122.0,low
C10390,user10390@example.org,NM,pro,33.0,,,0.0,0.0,,0.0,0.0,0.0,0.0,3.0,6.136666666666667,9.12,2.0,chat,0.0,True,2.0,,low
C10391,user10391@example.org,FL,basic,20.0,,,4.0,4.0,2025-10-29 22:35:49.190327,4.0,1.0,0.0,0.0,1.0,6.06,6.06,1.0,chat,0.0,True,0.0,32.0,high
C10392,user10392@example.org,AZ,pro,62.0,,,2.0,2.0,2025-11-11 09:39:51.496475,1.0,1.0,1.0,1.0,2.0,7.965,9.26,2.0,phone,0.0,True,0.0,20.0,mid
C10393,user10393@example.net,NM,free,0.0,,,3.0,3.0,2025-11-03 20:31:06.324191,2.0,1.0,1.0,1.0,3.0,7.97,9.86,3.0,phone,0.0,True,1.0,28.0,high
C10394,user10394@example.com,LA,free,0.0,Y,1.0,1.0,1.0,2025-07-31 19:40:10.494287,1.0,1.0,0.0,0.0,3.0,19.173333333333336,23.44,3.0,chat,0.0,True,2.0,123.0,low
C10395,user10395@example.org,AZ,free,0.0,,,2.0,2.0,2025-10-22 12:09:09.477660,2.0,1.0,0.0,0.0,3.0,4.05,5.88,2.0,phone,0.0,True,0.0,40.0,mid
C10396,user10396@example.net,VT,free,0.0,,,2.0,2.0,2025-09-18 19:47:02.013467,1.0,1.0,0.0,0.0,0.0,,,0.0,,0.0,False,0.0,74.0,mid
C10397,user10397@example.net,VT,free,0.0,Y,1.0,0.0,0.0,,0.0,0.0,0.0,0.0,5.0,18.722,27.81,3.0,phone,0.0,True,1.0,,low
C10398,user10398@example.net,AL,enterprise,81.0,,,0.0,0.0,,0.0,0.0,0.0,0.0,2.0,3.635,4.45,2.0,email,0.0,True,0.0,,low
C10399,user10399@example.net,CA,free,0.0,,,0.0,0.0,,0.0,0.0,0.0,0.0,1.0,4.46,4.46,1.0,chat,0.0,True,1.0,,low
